sample,path,workload,nanos,bytes,operations
0,native,apiSingle,211118,447360,1024
0,module,apiSingle,358231,447360,1024
0,module,apiMultiple,944935,930624,1024
0,native,apiMultiple,865394,930624,1024
0,module,commandSingle,246021,389888,128
0,native,commandSingle,238720,389888,128
1,module,apiMultiple,616319,930624,1024
1,native,apiMultiple,571461,930624,1024
1,native,apiSingle,210658,447360,1024
1,module,apiSingle,207583,447360,1024
1,module,commandSingle,144719,389880,128
1,native,commandSingle,158329,389880,128
2,module,apiSingle,228635,447360,1024
2,native,apiSingle,209065,447360,1024
2,module,apiMultiple,574406,930624,1024
2,native,apiMultiple,588046,930624,1024
2,native,commandSingle,138259,389872,128
2,module,commandSingle,147002,389872,128
3,module,apiMultiple,570871,930624,1024
3,native,apiMultiple,579684,930624,1024
3,native,apiSingle,211769,447360,1024
3,module,apiSingle,207403,447360,1024
3,native,commandSingle,140652,389864,128
3,module,commandSingle,124968,389864,128
4,native,apiSingle,240242,447360,1024
4,module,apiSingle,216637,447360,1024
4,module,apiMultiple,578592,930624,1024
4,native,apiMultiple,643992,930624,1024
4,module,commandSingle,142866,389856,128
4,native,commandSingle,154543,389856,128
5,native,apiMultiple,578082,930624,1024
5,module,apiMultiple,594606,930624,1024
5,native,apiSingle,213212,447360,1024
5,module,apiSingle,206852,447360,1024
5,native,commandSingle,141163,389848,128
5,module,commandSingle,213372,389848,128
6,native,apiSingle,226882,447360,1024
6,module,apiSingle,217518,447360,1024
6,native,apiMultiple,580185,930624,1024
6,module,apiMultiple,585773,930624,1024
6,module,commandSingle,148063,389840,128
6,native,commandSingle,146331,389840,128
7,native,apiMultiple,579383,930624,1024
7,module,apiMultiple,576369,930624,1024
7,module,apiSingle,209406,447360,1024
7,native,apiSingle,209476,447360,1024
7,native,commandSingle,144849,389832,128
7,module,commandSingle,140502,389832,128
8,native,apiSingle,234654,447360,1024
8,module,apiSingle,208394,447360,1024
8,module,apiMultiple,579224,930624,1024
8,native,apiMultiple,589769,930624,1024
8,native,commandSingle,141924,389824,128
8,module,commandSingle,149425,389824,128
9,module,apiMultiple,585653,930624,1024
9,native,apiMultiple,593595,930624,1024
9,native,apiSingle,208995,447360,1024
9,module,apiSingle,206451,447360,1024
9,native,commandSingle,145339,389816,128
9,module,commandSingle,157097,389816,128
10,native,apiSingle,229026,447360,1024
10,module,apiSingle,209256,447360,1024
10,module,apiMultiple,576329,930624,1024
10,native,apiMultiple,640966,930624,1024
10,module,commandSingle,178689,389808,128
10,native,commandSingle,128064,389808,128
11,native,apiMultiple,589448,930624,1024
11,module,apiMultiple,578472,930624,1024
11,module,apiSingle,211519,447360,1024
11,native,apiSingle,208144,447360,1024
11,native,commandSingle,143606,389800,128
11,module,commandSingle,144588,389800,128
12,module,apiSingle,251509,447360,1024
12,native,apiSingle,221384,447360,1024
12,native,apiMultiple,806166,930624,1024
12,module,apiMultiple,591742,930624,1024
12,module,commandSingle,201684,389792,128
12,native,commandSingle,125880,389792,128
13,module,apiMultiple,576459,930624,1024
13,native,apiMultiple,574256,930624,1024
13,native,apiSingle,213301,447360,1024
13,module,apiSingle,208415,447360,1024
13,module,commandSingle,142916,389784,128
13,native,commandSingle,145029,389784,128
14,module,apiSingle,279461,447360,1024
14,native,apiSingle,218820,447360,1024
14,module,apiMultiple,823352,930624,1024
14,native,apiMultiple,612063,930624,1024
14,module,commandSingle,152170,389776,128
14,native,commandSingle,180863,389776,128
15,module,apiMultiple,599173,930624,1024
15,native,apiMultiple,596129,930624,1024
15,native,apiSingle,212380,447360,1024
15,module,apiSingle,209896,447360,1024
15,module,commandSingle,229186,389768,128
15,native,commandSingle,127703,389768,128
16,native,apiSingle,214704,447360,1024
16,module,apiSingle,219270,447360,1024
16,native,apiMultiple,652304,930624,1024
16,module,apiMultiple,843161,930624,1024
16,module,commandSingle,152550,389760,128
16,native,commandSingle,184809,389760,128
17,module,apiMultiple,587376,930624,1024
17,native,apiMultiple,584993,930624,1024
17,native,apiSingle,212661,447360,1024
17,module,apiSingle,209626,447360,1024
17,native,commandSingle,151338,389752,128
17,module,commandSingle,198259,389752,128
18,module,apiSingle,232110,447360,1024
18,native,apiSingle,210097,447360,1024
18,native,apiMultiple,588667,930624,1024
18,module,apiMultiple,918765,930624,1024
18,native,commandSingle,149636,389744,128
18,module,commandSingle,188054,389744,128
19,native,apiMultiple,589468,930624,1024
19,module,apiMultiple,578071,930624,1024
19,module,apiSingle,213402,447360,1024
19,native,apiSingle,208995,447360,1024
19,native,commandSingle,167753,389736,128
19,module,commandSingle,144978,389736,128
20,module,apiSingle,226151,447360,1024
20,native,apiSingle,228184,447360,1024
20,module,apiMultiple,582478,930624,1024
20,native,apiMultiple,593074,930624,1024
20,native,commandSingle,144678,389728,128
20,module,commandSingle,127162,389728,128
21,module,apiMultiple,660727,930624,1024
21,native,apiMultiple,665033,930624,1024
21,module,apiSingle,212731,447360,1024
21,native,apiSingle,209796,447360,1024
21,module,commandSingle,183818,389720,128
21,native,commandSingle,128314,389720,128
22,native,apiSingle,227453,447360,1024
22,module,apiSingle,359662,447360,1024
22,module,apiMultiple,4457873,930624,1024
22,native,apiMultiple,588107,930624,1024
22,native,commandSingle,147252,389712,128
22,module,commandSingle,167502,389712,128
23,native,apiMultiple,952917,930624,1024
23,module,apiMultiple,566494,930624,1024
23,module,apiSingle,214444,447360,1024
23,native,apiSingle,225340,447360,1024
23,native,commandSingle,159981,389704,128
23,module,commandSingle,129626,389704,128
24,native,apiSingle,224438,447360,1024
24,module,apiSingle,209065,447360,1024
24,module,apiMultiple,599123,930624,1024
24,native,apiMultiple,599043,930624,1024
24,native,commandSingle,145981,389696,128
24,module,commandSingle,312791,389696,128
25,native,apiMultiple,591632,930624,1024
25,module,apiMultiple,610821,930624,1024
25,native,apiSingle,212170,447360,1024
25,module,apiSingle,210267,447360,1024
25,native,commandSingle,141863,389688,128
25,module,commandSingle,127402,389688,128
26,native,apiSingle,309356,447360,1024
26,module,apiSingle,245530,447360,1024
26,module,apiMultiple,614777,930624,1024
26,native,apiMultiple,569749,930624,1024
26,native,commandSingle,145360,389680,128
26,module,commandSingle,130176,389680,128
27,native,apiMultiple,649380,930624,1024
27,module,apiMultiple,611212,930624,1024
27,module,apiSingle,210227,447360,1024
27,native,apiSingle,223848,447360,1024
27,module,commandSingle,150937,389672,128
27,native,commandSingle,128634,389672,128
28,native,apiSingle,229816,447360,1024
28,module,apiSingle,208645,447360,1024
28,native,apiMultiple,586365,930624,1024
28,module,apiMultiple,593385,930624,1024
28,native,commandSingle,139721,389664,128
28,module,commandSingle,145289,389664,128
29,native,apiMultiple,595518,930624,1024
29,module,apiMultiple,598442,930624,1024
29,module,apiSingle,212601,447360,1024
29,native,apiSingle,209857,447360,1024
29,module,commandSingle,146932,389656,128
29,native,commandSingle,141213,389656,128
30,native,apiSingle,223547,447360,1024
30,module,apiSingle,223247,447360,1024
30,native,apiMultiple,589830,930624,1024
30,module,apiMultiple,601377,930624,1024
30,native,commandSingle,158629,389648,128
30,module,commandSingle,138408,389648,128
31,module,apiMultiple,673897,930624,1024
31,native,apiMultiple,595508,930624,1024
31,module,apiSingle,210267,447360,1024
31,native,apiSingle,212911,447360,1024
31,module,commandSingle,143706,389640,128
31,native,commandSingle,221213,389640,128
32,module,apiSingle,227262,447360,1024
32,native,apiSingle,219841,447360,1024
32,native,apiMultiple,666064,930624,1024
32,module,apiMultiple,605703,930624,1024
32,native,commandSingle,163927,389632,128
32,module,commandSingle,128103,389632,128
33,module,apiMultiple,588147,930624,1024
33,native,apiMultiple,593345,930624,1024
33,native,apiSingle,210878,447360,1024
33,module,apiSingle,209826,447360,1024
33,native,commandSingle,152049,389624,128
33,module,commandSingle,141984,389624,128
34,native,apiSingle,307744,447360,1024
34,module,apiSingle,212460,447360,1024
34,native,apiMultiple,625984,930624,1024
34,module,apiMultiple,603690,930624,1024
34,module,commandSingle,233212,389616,128
34,native,commandSingle,146050,389616,128
35,module,apiMultiple,609379,930624,1024
35,native,apiMultiple,606365,930624,1024
35,module,apiSingle,211479,447360,1024
35,native,apiSingle,223467,447360,1024
35,module,commandSingle,147983,389608,128
35,native,commandSingle,138149,389608,128
36,native,apiSingle,234363,447360,1024
36,module,apiSingle,208414,447360,1024
36,native,apiMultiple,665363,930624,1024
36,module,apiMultiple,649189,930624,1024
36,module,commandSingle,172690,389600,128
36,native,commandSingle,129946,389600,128
37,native,apiMultiple,575728,930624,1024
37,module,apiMultiple,591462,930624,1024
37,module,apiSingle,212129,447360,1024
37,native,apiSingle,209066,447360,1024
37,native,commandSingle,142134,389592,128
37,module,commandSingle,125600,389592,128
38,module,apiSingle,225099,447360,1024
38,native,apiSingle,217659,447360,1024
38,module,apiMultiple,745024,930624,1024
38,native,apiMultiple,566695,930624,1024
38,native,commandSingle,164448,389584,128
38,module,commandSingle,126852,389584,128
39,native,apiMultiple,588998,930624,1024
39,module,apiMultiple,3154918,930624,1024
39,native,apiSingle,272521,447360,1024
39,module,apiSingle,208845,447360,1024
39,module,commandSingle,136887,389576,128
39,native,commandSingle,124547,389576,128
40,module,apiSingle,217848,447360,1024
40,native,apiSingle,217377,447360,1024
40,native,apiMultiple,601787,930624,1024
40,module,apiMultiple,592062,930624,1024
40,module,commandSingle,146220,389568,128
40,native,commandSingle,1266040,389568,128
41,native,apiMultiple,594436,930624,1024
41,module,apiMultiple,602018,930624,1024
41,module,apiSingle,212510,447360,1024
41,native,apiSingle,211890,447360,1024
41,module,commandSingle,160412,389560,128
41,native,commandSingle,129365,389560,128
42,module,apiSingle,214934,447360,1024
42,native,apiSingle,217107,447360,1024
42,module,apiMultiple,880247,930624,1024
42,native,apiMultiple,619684,930624,1024
42,module,commandSingle,144067,389552,128
42,native,commandSingle,126180,389552,128
43,native,apiMultiple,589960,930624,1024
43,module,apiMultiple,579814,930624,1024
43,module,apiSingle,212610,447360,1024
43,native,apiSingle,211289,447360,1024
43,native,commandSingle,205059,389544,128
43,module,commandSingle,156656,389544,128
44,native,apiSingle,229636,447360,1024
44,module,apiSingle,213322,447360,1024
44,native,apiMultiple,586935,930624,1024
44,module,apiMultiple,589679,930624,1024
44,native,commandSingle,143686,389536,128
44,module,commandSingle,147292,389536,128
45,module,apiMultiple,588147,930624,1024
45,native,apiMultiple,625704,930624,1024
45,module,apiSingle,234754,447360,1024
45,native,apiSingle,267433,447360,1024
45,native,commandSingle,177898,389528,128
45,module,commandSingle,126931,389528,128
46,native,apiSingle,231589,447360,1024
46,module,apiSingle,209837,447360,1024
46,native,apiMultiple,680806,930624,1024
46,module,apiMultiple,606905,930624,1024
46,module,commandSingle,158238,389520,128
46,native,commandSingle,125850,389520,128
47,module,apiMultiple,797022,930624,1024
47,native,apiMultiple,608257,930624,1024
47,module,apiSingle,266231,447360,1024
47,native,apiSingle,236907,447360,1024
47,native,commandSingle,140792,389512,128
47,module,commandSingle,129045,389512,128
48,module,apiSingle,227112,447360,1024
48,native,apiSingle,218510,447360,1024
48,native,apiMultiple,714738,930624,1024
48,module,apiMultiple,660375,930624,1024
48,module,commandSingle,187372,389504,128
48,native,commandSingle,124999,389504,128
49,native,apiMultiple,592133,930624,1024
49,module,apiMultiple,582228,930624,1024
49,native,apiSingle,211039,447360,1024
49,module,apiSingle,211870,447360,1024
49,module,commandSingle,141784,389496,128
49,native,commandSingle,146961,389496,128
50,module,apiSingle,221204,447360,1024
50,native,apiSingle,209496,447360,1024
50,module,apiMultiple,660446,930624,1024
50,native,apiMultiple,776181,930624,1024
50,module,commandSingle,149275,389488,128
50,native,commandSingle,126872,389488,128
51,module,apiMultiple,644282,930624,1024
51,native,apiMultiple,582468,930624,1024
51,module,apiSingle,213152,447360,1024
51,native,apiSingle,325111,447360,1024
51,native,commandSingle,175685,389480,128
51,module,commandSingle,216186,389480,128
52,module,apiSingle,388506,447360,1024
52,native,apiSingle,210908,447360,1024
52,native,apiMultiple,771954,930624,1024
52,module,apiMultiple,614096,930624,1024
52,native,commandSingle,155554,389472,128
52,module,commandSingle,129836,389472,128
53,native,apiMultiple,594507,930624,1024
53,module,apiMultiple,608057,930624,1024
53,native,apiSingle,210297,447360,1024
53,module,apiSingle,209395,447360,1024
53,module,commandSingle,141423,389464,128
53,native,commandSingle,155264,389464,128
54,module,apiSingle,242156,447360,1024
54,native,apiSingle,220252,447360,1024
54,module,apiMultiple,683841,930624,1024
54,native,apiMultiple,592053,930624,1024
54,native,commandSingle,259401,389456,128
54,module,commandSingle,140182,389456,128
55,native,apiMultiple,582348,930624,1024
55,module,apiMultiple,588757,930624,1024
55,native,apiSingle,214884,447360,1024
55,module,apiSingle,222405,447360,1024
55,native,commandSingle,146191,389448,128
55,module,commandSingle,144198,389448,128
56,module,apiSingle,224409,447360,1024
56,native,apiSingle,231960,447360,1024
56,module,apiMultiple,709350,930624,1024
56,native,apiMultiple,697963,930624,1024
56,native,commandSingle,147782,389440,128
56,module,commandSingle,128493,389440,128
57,native,apiMultiple,658383,930624,1024
57,module,apiMultiple,600536,930624,1024
57,module,apiSingle,210457,447360,1024
57,native,apiSingle,210838,447360,1024
57,module,commandSingle,143397,389432,128
57,native,commandSingle,127943,389432,128
58,native,apiSingle,226121,447360,1024
58,module,apiSingle,273953,447360,1024
58,module,apiMultiple,632744,930624,1024
58,native,apiMultiple,584131,930624,1024
58,module,commandSingle,158629,389424,128
58,native,commandSingle,126211,389424,128
59,native,apiMultiple,598893,930624,1024
59,module,apiMultiple,579794,930624,1024
59,module,apiSingle,211109,447360,1024
59,native,apiSingle,210768,447360,1024
59,native,commandSingle,138409,389416,128
59,module,commandSingle,155154,389416,128
60,module,apiSingle,409117,447360,1024
60,native,apiSingle,261594,447360,1024
60,native,apiMultiple,684532,930624,1024
60,module,apiMultiple,581126,930624,1024
60,native,commandSingle,140482,389408,128
60,module,commandSingle,126942,389408,128
61,native,apiMultiple,589278,930624,1024
61,module,apiMultiple,583871,930624,1024
61,native,apiSingle,211178,447360,1024
61,module,apiSingle,261955,447360,1024
61,native,commandSingle,172039,389400,128
61,module,commandSingle,128904,389400,128
62,native,apiSingle,226872,447360,1024
62,module,apiSingle,447675,447360,1024
62,native,apiMultiple,632103,930624,1024
62,module,apiMultiple,697272,930624,1024
62,module,commandSingle,143497,389392,128
62,native,commandSingle,126190,389392,128
63,module,apiMultiple,640606,930624,1024
63,native,apiMultiple,608338,930624,1024
63,native,apiSingle,214374,447360,1024
63,module,apiSingle,210908,447360,1024
63,module,commandSingle,145700,389384,128
63,native,commandSingle,128103,389384,128
64,module,apiSingle,240313,447360,1024
64,native,apiSingle,222215,447360,1024
64,module,apiMultiple,828419,930624,1024
64,native,apiMultiple,566734,930624,1024
64,module,commandSingle,157508,389376,128
64,native,commandSingle,127643,389376,128
65,native,apiMultiple,583009,930624,1024
65,module,apiMultiple,580435,930624,1024
65,module,apiSingle,214163,447360,1024
65,native,apiSingle,209455,447360,1024
65,module,commandSingle,144248,389368,128
65,native,commandSingle,125839,389368,128
66,module,apiSingle,226792,447360,1024
66,native,apiSingle,219030,447360,1024
66,module,apiMultiple,849601,930624,1024
66,native,apiMultiple,630741,930624,1024
66,native,commandSingle,145720,389360,128
66,module,commandSingle,126331,389360,128
67,module,apiMultiple,591953,930624,1024
67,native,apiMultiple,592624,930624,1024
67,native,apiSingle,215886,447360,1024
67,module,apiSingle,210167,447360,1024
67,native,commandSingle,143146,389352,128
67,module,commandSingle,142605,389352,128
68,module,apiSingle,227633,447360,1024
68,native,apiSingle,210036,447360,1024
68,module,apiMultiple,701989,930624,1024
68,native,apiMultiple,807568,930624,1024
68,module,commandSingle,151007,389344,128
68,native,commandSingle,136676,389344,128
69,module,apiMultiple,595028,930624,1024
69,native,apiMultiple,581056,930624,1024
69,module,apiSingle,226191,447360,1024
69,native,apiSingle,212861,447360,1024
69,module,commandSingle,141763,389344,128
69,native,commandSingle,142084,389344,128
70,module,apiSingle,236046,447360,1024
70,native,apiSingle,222526,447360,1024
70,module,apiMultiple,627346,930624,1024
70,native,apiMultiple,865876,930624,1024
70,native,commandSingle,144608,389344,128
70,module,commandSingle,129225,389344,128
71,native,apiMultiple,693565,930624,1024
71,module,apiMultiple,654557,930624,1024
71,native,apiSingle,251209,447360,1024
71,module,apiSingle,265981,447360,1024
71,native,commandSingle,173382,389344,128
71,module,commandSingle,166972,389344,128
72,module,apiSingle,215475,447360,1024
72,native,apiSingle,230007,447360,1024
72,module,apiMultiple,588086,930624,1024
72,native,apiMultiple,605282,930624,1024
72,module,commandSingle,369017,389344,128
72,native,commandSingle,124097,389344,128
73,module,apiMultiple,588577,930624,1024
73,native,apiMultiple,620305,930624,1024
73,module,apiSingle,212030,447360,1024
73,native,apiSingle,210307,447360,1024
73,module,commandSingle,138129,389344,128
73,native,commandSingle,158379,389344,128
74,native,apiSingle,230939,447360,1024
74,module,apiSingle,218570,447360,1024
74,module,apiMultiple,590220,930624,1024
74,native,apiMultiple,594457,930624,1024
74,module,commandSingle,164668,389344,128
74,native,commandSingle,245701,389344,128
75,module,apiMultiple,773326,930624,1024
75,native,apiMultiple,566154,930624,1024
75,native,apiSingle,227453,447360,1024
75,module,apiSingle,228585,447360,1024
75,native,commandSingle,216977,389344,128
75,module,commandSingle,130637,389344,128
76,module,apiSingle,214894,447360,1024
76,native,apiSingle,219631,447360,1024
76,native,apiMultiple,668548,930624,1024
76,module,apiMultiple,648518,930624,1024
76,native,commandSingle,181233,389344,128
76,module,commandSingle,127282,389344,128
77,module,apiMultiple,644762,930624,1024
77,native,apiMultiple,592053,930624,1024
77,module,apiSingle,213652,447360,1024
77,native,apiSingle,225700,447360,1024
77,module,commandSingle,144448,389344,128
77,native,commandSingle,207433,389344,128
78,native,apiSingle,232841,447360,1024
78,module,apiSingle,211279,447360,1024
78,module,apiMultiple,597571,930624,1024
78,native,apiMultiple,594797,930624,1024
78,native,commandSingle,158890,389344,128
78,module,commandSingle,142595,389344,128
79,module,apiMultiple,591122,930624,1024
79,native,apiMultiple,579824,930624,1024
79,module,apiSingle,214793,447360,1024
79,native,apiSingle,209356,447360,1024
79,module,commandSingle,145009,389344,128
79,native,commandSingle,142946,389344,128
80,native,apiSingle,234754,447360,1024
80,module,apiSingle,208835,447360,1024
80,module,apiMultiple,672043,930624,1024
80,native,apiMultiple,612613,930624,1024
80,module,commandSingle,176767,389344,128
80,native,commandSingle,126170,389344,128
81,module,apiMultiple,611381,930624,1024
81,native,apiMultiple,588888,930624,1024
81,native,apiSingle,214624,447360,1024
81,module,apiSingle,209115,447360,1024
81,native,commandSingle,144097,389344,128
81,module,commandSingle,144608,389344,128
82,native,apiSingle,227673,447360,1024
82,module,apiSingle,218540,447360,1024
82,module,apiMultiple,761278,930624,1024
82,native,apiMultiple,563400,930624,1024
82,native,commandSingle,177537,389344,128
82,module,commandSingle,127582,389344,128
83,native,apiMultiple,592053,930624,1024
83,module,apiMultiple,634657,930624,1024
83,module,apiSingle,211078,447360,1024
83,native,apiSingle,210858,447360,1024
83,native,commandSingle,153281,389344,128
83,module,commandSingle,215455,389344,128
84,native,apiSingle,233102,447360,1024
84,module,apiSingle,208244,447360,1024
84,native,apiMultiple,615809,930624,1024
84,module,apiMultiple,591923,930624,1024
84,module,commandSingle,166321,389344,128
84,native,commandSingle,150927,389344,128
85,module,apiMultiple,596320,930624,1024
85,native,apiMultiple,593875,930624,1024
85,module,apiSingle,221343,447360,1024
85,native,apiSingle,328626,447360,1024
85,module,commandSingle,178189,389344,128
85,native,commandSingle,135394,389344,128
86,native,apiSingle,242946,447360,1024
86,module,apiSingle,212810,447360,1024
86,native,apiMultiple,599845,930624,1024
86,module,apiMultiple,590731,930624,1024
86,module,commandSingle,204449,389344,128
86,native,commandSingle,155895,389344,128
87,module,apiMultiple,1341723,930624,1024
87,native,apiMultiple,595929,930624,1024
87,native,apiSingle,211609,447360,1024
87,module,apiSingle,209756,447360,1024
87,module,commandSingle,148574,389344,128
87,native,commandSingle,123647,389344,128
88,native,apiSingle,234033,447360,1024
88,module,apiSingle,209306,447360,1024
88,native,apiMultiple,585052,930624,1024
88,module,apiMultiple,604251,930624,1024
88,module,commandSingle,142816,389344,128
88,native,commandSingle,146421,389344,128
89,native,apiMultiple,597311,930624,1024
89,module,apiMultiple,587616,930624,1024
89,native,apiSingle,214273,447360,1024
89,module,apiSingle,209226,447360,1024
89,native,commandSingle,143947,389344,128
89,module,commandSingle,137998,389344,128
90,module,apiSingle,328515,447360,1024
90,native,apiSingle,220763,447360,1024
90,native,apiMultiple,611361,930624,1024
90,module,apiMultiple,692134,930624,1024
90,native,commandSingle,182996,389344,128
90,module,commandSingle,127442,389344,128
91,native,apiMultiple,617701,930624,1024
91,module,apiMultiple,617632,930624,1024
91,module,apiSingle,215354,447360,1024
91,native,apiSingle,208825,447360,1024
91,native,commandSingle,182425,389344,128
91,module,commandSingle,138669,389344,128
92,module,apiSingle,238570,447360,1024
92,native,apiSingle,221975,447360,1024
92,module,apiMultiple,587355,930624,1024
92,native,apiMultiple,591111,930624,1024
92,module,commandSingle,254994,389344,128
92,native,commandSingle,128825,389344,128
93,native,apiMultiple,589749,930624,1024
93,module,apiMultiple,603971,930624,1024
93,native,apiSingle,212510,447360,1024
93,module,apiSingle,210407,447360,1024
93,module,commandSingle,139220,389344,128
93,native,commandSingle,125750,389344,128
94,module,apiSingle,287203,447360,1024
94,native,apiSingle,217658,447360,1024
94,module,apiMultiple,759065,930624,1024
94,native,apiMultiple,697261,930624,1024
94,module,commandSingle,146351,389344,128
94,native,commandSingle,124197,389344,128
95,module,apiMultiple,702449,930624,1024
95,native,apiMultiple,629349,930624,1024
95,native,apiSingle,212020,447360,1024
95,module,apiSingle,210918,447360,1024
95,native,commandSingle,175424,389344,128
95,module,commandSingle,138259,389344,128
96,native,apiSingle,218019,447360,1024
96,module,apiSingle,203056,447360,1024
96,module,apiMultiple,578903,930624,1024
96,native,apiMultiple,617061,930624,1024
96,native,commandSingle,144348,389344,128
96,module,commandSingle,167372,389344,128
97,module,apiMultiple,588017,930624,1024
97,native,apiMultiple,582299,930624,1024
97,module,apiSingle,206892,447360,1024
97,native,apiSingle,204749,447360,1024
97,native,commandSingle,140842,389352,128
97,module,commandSingle,126431,389352,128
98,module,apiSingle,224768,447360,1024
98,native,apiSingle,205009,447360,1024
98,module,apiMultiple,1149914,930624,1024
98,native,apiMultiple,562268,930624,1024
98,native,commandSingle,143006,389360,128
98,module,commandSingle,125599,389360,128
99,native,apiMultiple,578783,930624,1024
99,module,apiMultiple,590681,930624,1024
99,module,apiSingle,205840,447360,1024
99,native,apiSingle,206912,447360,1024
99,native,commandSingle,140692,389368,128
99,module,commandSingle,140211,389368,128
100,native,apiSingle,225229,447360,1024
100,module,apiSingle,203727,447360,1024
100,native,apiMultiple,582498,930624,1024
100,module,apiMultiple,602338,930624,1024
100,native,commandSingle,147202,389376,128
100,module,commandSingle,304559,389376,128
101,native,apiMultiple,573866,930624,1024
101,module,apiMultiple,589539,930624,1024
101,native,apiSingle,213703,447360,1024
101,module,apiSingle,205320,447360,1024
101,module,commandSingle,141022,389384,128
101,native,commandSingle,124588,389384,128
102,native,apiSingle,219572,447360,1024
102,module,apiSingle,230257,447360,1024
102,module,apiMultiple,598172,930624,1024
102,native,apiMultiple,591942,930624,1024
102,module,commandSingle,143697,389392,128
102,native,commandSingle,283667,389392,128
103,module,apiMultiple,579885,930624,1024
103,native,apiMultiple,586104,930624,1024
103,native,apiSingle,205159,447360,1024
103,module,apiSingle,204809,447360,1024
103,module,commandSingle,146822,389400,128
103,native,commandSingle,125779,389400,128
104,module,apiSingle,231429,447360,1024
104,native,apiSingle,211920,447360,1024
104,native,apiMultiple,576770,930624,1024
104,module,apiMultiple,589358,930624,1024
104,native,commandSingle,139820,389408,128
104,module,commandSingle,266141,389408,128
105,native,apiMultiple,993628,930624,1024
105,module,apiMultiple,556810,930624,1024
105,module,apiSingle,209115,447360,1024
105,native,apiSingle,219091,447360,1024
105,native,commandSingle,141974,389416,128
105,module,commandSingle,123716,389416,128
106,native,apiSingle,228515,447360,1024
106,module,apiSingle,208394,447360,1024
106,native,apiMultiple,598232,930624,1024
106,module,apiMultiple,604371,930624,1024
106,module,commandSingle,247303,389424,128
106,native,commandSingle,128795,389424,128
107,native,apiMultiple,577050,930624,1024
107,module,apiMultiple,662218,930624,1024
107,native,apiSingle,206952,447360,1024
107,module,apiSingle,204348,447360,1024
107,module,commandSingle,143266,389432,128
107,native,commandSingle,143567,389432,128
108,module,apiSingle,287353,447360,1024
108,native,apiSingle,206431,447360,1024
108,module,apiMultiple,608588,930624,1024
108,native,apiMultiple,599905,930624,1024
108,module,commandSingle,309136,389440,128
108,native,commandSingle,126030,389440,128
109,module,apiMultiple,569389,930624,1024
109,native,apiMultiple,576289,930624,1024
109,module,apiSingle,208224,447360,1024
109,native,apiSingle,205450,447360,1024
109,native,commandSingle,139671,389448,128
109,module,commandSingle,124288,389448,128
110,native,apiSingle,219121,447360,1024
110,module,apiSingle,211479,447360,1024
110,native,apiMultiple,574727,930624,1024
110,module,apiMultiple,580345,930624,1024
110,module,commandSingle,141733,389456,128
110,native,commandSingle,242526,389456,128
111,native,apiMultiple,603189,930624,1024
111,module,apiMultiple,580796,930624,1024
111,native,apiSingle,208475,447360,1024
111,module,apiSingle,204168,447360,1024
111,native,commandSingle,141313,389464,128
111,module,commandSingle,144017,389464,128
112,native,apiSingle,226912,447360,1024
112,module,apiSingle,243908,447360,1024
112,native,apiMultiple,726045,930624,1024
112,module,apiMultiple,686806,930624,1024
112,module,commandSingle,150487,389472,128
112,native,commandSingle,140222,389472,128
113,native,apiMultiple,579164,930624,1024
113,module,apiMultiple,692434,930624,1024
113,module,apiSingle,212661,447360,1024
113,native,apiSingle,206161,447360,1024
113,native,commandSingle,171399,389480,128
113,module,commandSingle,127483,389480,128
114,module,apiSingle,231619,447360,1024
114,native,apiSingle,239221,447360,1024
114,native,apiMultiple,601066,930624,1024
114,module,apiMultiple,602268,930624,1024
114,native,commandSingle,163246,389488,128
114,module,commandSingle,335116,389488,128
115,native,apiMultiple,581877,930624,1024
115,module,apiMultiple,572914,930624,1024
115,native,apiSingle,207893,447360,1024
115,module,apiSingle,205550,447360,1024
115,module,commandSingle,163186,389496,128
115,native,commandSingle,127372,389496,128
116,native,apiSingle,229145,447360,1024
116,module,apiSingle,205610,447360,1024
116,module,apiMultiple,619113,930624,1024
116,native,apiMultiple,603530,930624,1024
116,native,commandSingle,419953,389504,128
116,module,commandSingle,131308,389504,128
117,native,apiMultiple,583720,930624,1024
117,module,apiMultiple,604932,930624,1024
117,native,apiSingle,211850,447360,1024
117,module,apiSingle,204849,447360,1024
117,module,commandSingle,145450,389512,128
117,native,commandSingle,167863,389512,128
118,module,apiSingle,216476,447360,1024
118,native,apiSingle,222846,447360,1024
118,native,apiMultiple,578802,930624,1024
118,module,apiMultiple,588518,930624,1024
118,native,commandSingle,161243,389520,128
118,module,commandSingle,143216,389520,128
119,native,apiMultiple,598082,930624,1024
119,module,apiMultiple,568467,930624,1024
119,module,apiSingle,207443,447360,1024
119,native,apiSingle,204077,447360,1024
119,module,commandSingle,140802,389528,128
119,native,commandSingle,125149,389528,128
120,module,apiSingle,220041,447360,1024
120,native,apiSingle,212580,447360,1024
120,module,apiMultiple,580386,930624,1024
120,native,apiMultiple,583059,930624,1024
120,module,commandSingle,144518,389536,128
120,native,commandSingle,125980,389536,128
121,module,apiMultiple,588758,930624,1024
121,native,apiMultiple,570080,930624,1024
121,native,apiSingle,206011,447360,1024
121,module,apiSingle,206271,447360,1024
121,native,commandSingle,138730,389544,128
121,module,commandSingle,126050,389544,128
122,native,apiSingle,214904,447360,1024
122,module,apiSingle,213072,447360,1024
122,native,apiMultiple,590029,930624,1024
122,module,apiMultiple,588147,930624,1024
122,module,commandSingle,144679,389552,128
122,native,commandSingle,152330,389552,128
123,native,apiMultiple,578423,930624,1024
123,module,apiMultiple,571942,930624,1024
123,native,apiSingle,205510,447360,1024
123,module,apiSingle,205029,447360,1024
123,native,commandSingle,137347,389560,128
123,module,commandSingle,125509,389560,128
124,module,apiSingle,226772,447360,1024
124,native,apiSingle,207103,447360,1024
124,native,apiMultiple,582699,930624,1024
124,module,apiMultiple,597772,930624,1024
124,native,commandSingle,141523,389568,128
124,module,commandSingle,147452,389568,128
125,native,apiMultiple,579995,930624,1024
125,module,apiMultiple,571992,930624,1024
125,native,apiSingle,206811,447360,1024
125,module,apiSingle,205560,447360,1024
125,module,commandSingle,143927,389576,128
125,native,commandSingle,124507,389576,128
126,module,apiSingle,231539,447360,1024
126,native,apiSingle,204649,447360,1024
126,native,apiMultiple,592814,930624,1024
126,module,apiMultiple,582158,930624,1024
126,module,commandSingle,143406,389584,128
126,native,commandSingle,280062,389584,128
127,native,apiMultiple,608358,930624,1024
127,module,apiMultiple,710591,930624,1024
127,module,apiSingle,210578,447360,1024
127,native,apiSingle,204258,447360,1024
127,native,commandSingle,140021,389592,128
127,module,commandSingle,144999,389592,128
128,module,apiSingle,222015,447360,1024
128,native,apiSingle,213522,447360,1024
128,native,apiMultiple,588467,930624,1024
128,module,apiMultiple,879236,930624,1024
128,module,commandSingle,166932,389600,128
128,native,commandSingle,126360,389600,128
129,module,apiMultiple,577491,930624,1024
129,native,apiMultiple,632644,930624,1024
129,native,apiSingle,206421,447360,1024
129,module,apiSingle,204308,447360,1024
129,module,commandSingle,166031,389608,128
129,native,commandSingle,126590,389608,128
130,module,apiSingle,220302,447360,1024
130,native,apiSingle,203637,447360,1024
130,native,apiMultiple,651292,930624,1024
130,module,apiMultiple,594988,930624,1024
130,module,commandSingle,145039,389616,128
130,native,commandSingle,361505,389616,128
131,native,apiMultiple,668227,930624,1024
131,module,apiMultiple,572694,930624,1024
131,native,apiSingle,207954,447360,1024
131,module,apiSingle,206362,447360,1024
131,native,commandSingle,141573,389624,128
131,module,commandSingle,140642,389624,128
132,module,apiSingle,223928,447360,1024
132,native,apiSingle,205711,447360,1024
132,native,apiMultiple,573565,930624,1024
132,module,apiMultiple,583870,930624,1024
132,module,commandSingle,141964,389632,128
132,native,commandSingle,125710,389632,128
133,module,apiMultiple,578172,930624,1024
133,native,apiMultiple,583570,930624,1024
133,native,apiSingle,205220,447360,1024
133,module,apiSingle,205120,447360,1024
133,module,commandSingle,142826,389640,128
133,native,commandSingle,123877,389640,128
134,native,apiSingle,222715,447360,1024
134,module,apiSingle,217978,447360,1024
134,module,apiMultiple,572423,930624,1024
134,native,apiMultiple,583721,930624,1024
134,module,commandSingle,141404,389648,128
134,native,commandSingle,127012,389648,128
135,native,apiMultiple,572643,930624,1024
135,module,apiMultiple,575217,930624,1024
135,native,apiSingle,209506,447360,1024
135,module,apiSingle,203767,447360,1024
135,module,commandSingle,146741,389656,128
135,native,commandSingle,135525,389656,128
136,native,apiSingle,221855,447360,1024
136,module,apiSingle,214753,447360,1024
136,module,apiMultiple,580876,930624,1024
136,native,apiMultiple,736701,930624,1024
136,native,commandSingle,205791,389664,128
136,module,commandSingle,130236,389664,128
137,module,apiMultiple,578883,930624,1024
137,native,apiMultiple,573605,930624,1024
137,native,apiSingle,209526,447360,1024
137,module,apiSingle,203577,447360,1024
137,module,commandSingle,143737,389672,128
137,native,commandSingle,125349,389672,128
138,module,apiSingle,240473,447360,1024
138,native,apiSingle,213191,447360,1024
138,native,apiMultiple,697101,930624,1024
138,module,apiMultiple,586394,930624,1024
138,module,commandSingle,150627,389680,128
138,native,commandSingle,125509,389680,128
139,module,apiMultiple,585923,930624,1024
139,native,apiMultiple,607606,930624,1024
139,module,apiSingle,207212,447360,1024
139,native,apiSingle,224679,447360,1024
139,native,commandSingle,144368,389688,128
139,module,commandSingle,124658,389688,128
140,module,apiSingle,222125,447360,1024
140,native,apiSingle,204588,447360,1024
140,native,apiMultiple,596520,930624,1024
140,module,apiMultiple,589088,930624,1024
140,native,commandSingle,139250,389696,128
140,module,commandSingle,144208,389696,128
141,module,apiMultiple,573365,930624,1024
141,native,apiMultiple,573444,930624,1024
141,native,apiSingle,206411,447360,1024
141,module,apiSingle,204037,447360,1024
141,module,commandSingle,141313,389704,128
141,native,commandSingle,124898,389704,128
142,module,apiSingle,225830,447360,1024
142,native,apiSingle,204709,447360,1024
142,module,apiMultiple,576369,930624,1024
142,native,apiMultiple,590410,930624,1024
142,native,commandSingle,143677,389712,128
142,module,commandSingle,156746,389712,128
143,module,apiMultiple,589128,930624,1024
143,native,apiMultiple,665694,930624,1024
143,module,apiSingle,210097,447360,1024
143,native,apiSingle,205350,447360,1024
143,native,commandSingle,141984,389720,128
143,module,commandSingle,154032,389720,128
144,native,apiSingle,214875,447360,1024
144,module,apiSingle,232380,447360,1024
144,native,apiMultiple,577450,930624,1024
144,module,apiMultiple,588898,930624,1024
144,module,commandSingle,144147,389728,128
144,native,commandSingle,124238,389728,128
145,module,apiMultiple,575208,930624,1024
145,native,apiMultiple,572193,930624,1024
145,module,apiSingle,206471,447360,1024
145,native,apiSingle,203847,447360,1024
145,native,commandSingle,135204,389736,128
145,module,commandSingle,125630,389736,128
146,module,apiSingle,218469,447360,1024
146,native,apiSingle,216015,447360,1024
146,module,apiMultiple,595928,930624,1024
146,native,apiMultiple,589098,930624,1024
146,module,commandSingle,144558,389744,128
146,native,commandSingle,237458,389744,128
147,module,apiMultiple,592553,930624,1024
147,native,apiMultiple,589980,930624,1024
147,native,apiSingle,206802,447360,1024
147,module,apiSingle,205149,447360,1024
147,module,commandSingle,142715,389752,128
147,native,commandSingle,140582,389752,128
148,module,apiSingle,209796,447360,1024
148,native,apiSingle,217228,447360,1024
148,module,apiMultiple,694678,930624,1024
148,native,apiMultiple,588247,930624,1024
148,native,commandSingle,191549,389760,128
148,module,commandSingle,126941,389760,128
149,native,apiMultiple,573234,930624,1024
149,module,apiMultiple,572604,930624,1024
149,module,apiSingle,207332,447360,1024
149,native,apiSingle,204458,447360,1024
149,native,commandSingle,138218,389768,128
149,module,commandSingle,126360,389768,128
150,native,apiSingle,223738,447360,1024
150,module,apiSingle,205440,447360,1024
150,native,apiMultiple,663941,930624,1024
150,module,apiMultiple,603540,930624,1024
150,module,commandSingle,143336,389776,128
150,native,commandSingle,142846,389776,128
151,module,apiMultiple,579303,930624,1024
151,native,apiMultiple,573264,930624,1024
151,native,apiSingle,208625,447360,1024
151,module,apiSingle,205480,447360,1024
151,module,commandSingle,145079,389784,128
151,native,commandSingle,127352,389784,128
152,native,apiSingle,209476,447360,1024
152,module,apiSingle,224499,447360,1024
152,native,apiMultiple,574066,930624,1024
152,module,apiMultiple,593895,930624,1024
152,module,commandSingle,144428,389792,128
152,native,commandSingle,124948,389792,128
153,native,apiMultiple,671643,930624,1024
153,module,apiMultiple,688067,930624,1024
153,native,apiSingle,208965,447360,1024
153,module,apiSingle,230918,447360,1024
153,module,commandSingle,145269,389800,128
153,native,commandSingle,127142,389800,128
154,module,apiSingle,279652,447360,1024
154,native,apiSingle,213753,447360,1024
154,native,apiMultiple,592914,930624,1024
154,module,apiMultiple,602318,930624,1024
154,native,commandSingle,143346,389808,128
154,module,commandSingle,146601,389808,128
155,native,apiMultiple,748699,930624,1024
155,module,apiMultiple,597001,930624,1024
155,native,apiSingle,213192,447360,1024
155,module,apiSingle,205110,447360,1024
155,native,commandSingle,163356,389816,128
155,module,commandSingle,129856,389816,128
156,module,apiSingle,233642,447360,1024
156,native,apiSingle,205380,447360,1024
156,native,apiMultiple,582689,930624,1024
156,module,apiMultiple,575628,930624,1024
156,native,commandSingle,148413,389824,128
156,module,commandSingle,126611,389824,128
157,module,apiMultiple,582378,930624,1024
157,native,apiMultiple,574396,930624,1024
157,native,apiSingle,207803,447360,1024
157,module,apiSingle,205079,447360,1024
157,native,commandSingle,143226,389832,128
157,module,commandSingle,147943,389832,128
158,module,apiSingle,236146,447360,1024
158,native,apiSingle,277088,447360,1024
158,module,apiMultiple,607696,930624,1024
158,native,apiMultiple,589039,930624,1024
158,module,commandSingle,148584,389840,128
158,native,commandSingle,143206,389840,128
159,module,apiMultiple,581417,930624,1024
159,native,apiMultiple,614466,930624,1024
159,module,apiSingle,209967,447360,1024
159,native,apiSingle,204438,447360,1024
159,native,commandSingle,147202,389848,128
159,module,commandSingle,142074,389848,128
160,native,apiSingle,230117,447360,1024
160,module,apiSingle,219401,447360,1024
160,module,apiMultiple,602158,930624,1024
160,native,apiMultiple,593385,930624,1024
160,native,commandSingle,144809,389856,128
160,module,commandSingle,146210,389856,128
161,native,apiMultiple,583640,930624,1024
161,module,apiMultiple,576119,930624,1024
161,module,apiSingle,208384,447360,1024
161,native,apiSingle,205139,447360,1024
161,native,commandSingle,142545,389864,128
161,module,commandSingle,126040,389864,128
162,native,apiSingle,222185,447360,1024
162,module,apiSingle,230668,447360,1024
162,native,apiMultiple,589078,930624,1024
162,module,apiMultiple,721298,930624,1024
162,module,commandSingle,349057,389872,128
162,native,commandSingle,126281,389872,128
163,module,apiMultiple,580996,930624,1024
163,native,apiMultiple,593205,930624,1024
163,native,apiSingle,207063,447360,1024
163,module,apiSingle,207573,447360,1024
163,module,commandSingle,141714,389880,128
163,native,commandSingle,126801,389880,128
164,module,apiSingle,220142,447360,1024
164,native,apiSingle,214183,447360,1024
164,native,apiMultiple,575378,930624,1024
164,module,apiMultiple,584582,930624,1024
164,native,commandSingle,158218,389888,128
164,module,commandSingle,124979,389888,128
165,module,apiMultiple,576760,930624,1024
165,native,apiMultiple,659164,930624,1024
165,native,apiSingle,207132,447360,1024
165,module,apiSingle,205911,447360,1024
165,module,commandSingle,141654,389896,128
165,native,commandSingle,139711,389896,128
166,module,apiSingle,227192,447360,1024
166,native,apiSingle,206702,447360,1024
166,native,apiMultiple,575718,930624,1024
166,module,apiMultiple,581877,930624,1024
166,module,commandSingle,140863,389904,128
166,native,commandSingle,126390,389904,128
167,module,apiMultiple,585332,930624,1024
167,native,apiMultiple,573866,930624,1024
167,module,apiSingle,207393,447360,1024
167,native,apiSingle,204759,447360,1024
167,module,commandSingle,145189,389912,128
167,native,commandSingle,124317,389912,128
168,native,apiSingle,240082,447360,1024
168,module,apiSingle,206732,447360,1024
168,native,apiMultiple,579183,930624,1024
168,module,apiMultiple,585533,930624,1024
168,module,commandSingle,145069,389920,128
168,native,commandSingle,144037,389920,128
169,module,apiMultiple,574336,930624,1024
169,native,apiMultiple,578943,930624,1024
169,native,apiSingle,211298,447360,1024
169,module,apiSingle,204778,447360,1024
169,module,commandSingle,141704,389928,128
169,native,commandSingle,122224,389928,128
170,module,apiSingle,234694,447360,1024
170,native,apiSingle,213613,447360,1024
170,module,apiMultiple,576058,930624,1024
170,native,apiMultiple,677321,930624,1024
170,native,commandSingle,141644,389936,128
170,module,commandSingle,164938,389936,128
171,module,apiMultiple,575198,930624,1024
171,native,apiMultiple,588547,930624,1024
171,native,apiSingle,206811,447360,1024
171,module,apiSingle,204428,447360,1024
171,module,commandSingle,139330,389944,128
171,native,commandSingle,125550,389944,128
172,native,apiSingle,220071,447360,1024
172,module,apiSingle,213322,447360,1024
172,native,apiMultiple,574015,930624,1024
172,module,apiMultiple,606184,930624,1024
172,native,commandSingle,153862,389952,128
172,module,commandSingle,144347,389952,128
173,module,apiMultiple,588567,930624,1024
173,native,apiMultiple,660877,930624,1024
173,module,apiSingle,206872,447360,1024
173,native,apiSingle,206151,447360,1024
173,module,commandSingle,144728,389960,128
173,native,commandSingle,160913,389960,128
174,native,apiSingle,209987,447360,1024
174,module,apiSingle,215515,447360,1024
174,native,apiMultiple,582658,930624,1024
174,module,apiMultiple,593335,930624,1024
174,module,commandSingle,145029,389968,128
174,native,commandSingle,122936,389968,128
175,native,apiMultiple,604571,930624,1024
175,module,apiMultiple,625493,930624,1024
175,module,apiSingle,206141,447360,1024
175,native,apiSingle,206261,447360,1024
175,native,commandSingle,140121,389976,128
175,module,commandSingle,152099,389976,128
176,native,apiSingle,253903,447360,1024
176,module,apiSingle,204648,447360,1024
176,native,apiMultiple,593384,930624,1024
176,module,apiMultiple,581246,930624,1024
176,module,commandSingle,243988,389984,128
176,native,commandSingle,129285,389984,128
177,native,apiMultiple,580715,930624,1024
177,module,apiMultiple,581167,930624,1024
177,module,apiSingle,210257,447360,1024
177,native,apiSingle,205830,447360,1024
177,native,commandSingle,143607,389992,128
177,module,commandSingle,126500,389992,128
178,module,apiSingle,209936,447360,1024
178,native,apiSingle,239451,447360,1024
178,native,apiMultiple,579704,930624,1024
178,module,apiMultiple,647096,930624,1024
178,native,commandSingle,146621,390000,128
178,module,commandSingle,178059,390000,128
179,native,apiMultiple,600426,930624,1024
179,module,apiMultiple,569799,930624,1024
179,module,apiSingle,208003,447360,1024
179,native,apiSingle,205439,447360,1024
179,native,commandSingle,142855,390008,128
179,module,commandSingle,131848,390008,128
180,module,apiSingle,218349,447360,1024
180,native,apiSingle,213452,447360,1024
180,native,apiMultiple,586084,930624,1024
180,module,apiMultiple,582168,930624,1024
180,module,commandSingle,151017,390016,128
180,native,commandSingle,126110,390016,128
181,native,apiMultiple,595448,930624,1024
181,module,apiMultiple,684382,930624,1024
181,module,apiSingle,206772,447360,1024
181,native,apiSingle,205750,447360,1024
181,module,commandSingle,146801,390024,128
181,native,commandSingle,189295,390024,128
182,module,apiSingle,218459,447360,1024
182,native,apiSingle,204439,447360,1024
182,module,apiMultiple,613945,930624,1024
182,native,apiMultiple,594116,930624,1024
182,module,commandSingle,151999,390032,128
182,native,commandSingle,248815,390032,128
183,native,apiMultiple,580716,930624,1024
183,module,apiMultiple,578552,930624,1024
183,native,apiSingle,209045,447360,1024
183,module,apiSingle,2863047,447360,1024
183,native,commandSingle,285631,390040,128
183,module,commandSingle,167332,390040,128
184,native,apiSingle,247893,447360,1024
184,module,apiSingle,206341,447360,1024
184,module,apiMultiple,614767,930624,1024
184,native,apiMultiple,586204,930624,1024
184,module,commandSingle,171218,390048,128
184,native,commandSingle,148173,390048,128
185,native,apiMultiple,609369,930624,1024
185,module,apiMultiple,580576,930624,1024
185,module,apiSingle,208524,447360,1024
185,native,apiSingle,205910,447360,1024
185,native,commandSingle,167904,390056,128
185,module,commandSingle,166611,390056,128
186,module,apiSingle,238990,447360,1024
186,native,apiSingle,227293,447360,1024
186,native,apiMultiple,604812,930624,1024
186,module,apiMultiple,580155,930624,1024
186,module,commandSingle,264749,390064,128
186,native,commandSingle,143787,390064,128
187,native,apiMultiple,574146,930624,1024
187,module,apiMultiple,641057,930624,1024
187,native,apiSingle,209406,447360,1024
187,module,apiSingle,206622,447360,1024
187,native,commandSingle,149445,390072,128
187,module,commandSingle,159691,390072,128
188,native,apiSingle,342487,447360,1024
188,module,apiSingle,282266,447360,1024
188,native,apiMultiple,853527,930624,1024
188,module,apiMultiple,650140,930624,1024
188,native,commandSingle,148985,390080,128
188,module,commandSingle,131499,390080,128
189,native,apiMultiple,724643,930624,1024
189,module,apiMultiple,592112,930624,1024
189,module,apiSingle,206521,447360,1024
189,native,apiSingle,221003,447360,1024
189,module,commandSingle,191229,390088,128
189,native,commandSingle,126281,390088,128
190,module,apiSingle,219151,447360,1024
190,native,apiSingle,216527,447360,1024
190,module,apiMultiple,576690,930624,1024
190,native,apiMultiple,591462,930624,1024
190,module,commandSingle,149195,390096,128
190,native,commandSingle,142635,390096,128
191,native,apiMultiple,639104,930624,1024
191,module,apiMultiple,625564,930624,1024
191,native,apiSingle,208364,447360,1024
191,module,apiSingle,210778,447360,1024
191,module,commandSingle,144809,390104,128
191,native,commandSingle,168624,390104,128
192,native,apiSingle,230277,447360,1024
192,module,apiSingle,204909,447360,1024
192,module,apiMultiple,576790,930624,1024
192,native,apiMultiple,585283,930624,1024
192,native,commandSingle,144047,390112,128
192,module,commandSingle,130587,390112,128
193,module,apiMultiple,606645,930624,1024
193,native,apiMultiple,604701,930624,1024
193,native,apiSingle,208144,447360,1024
193,module,apiSingle,203918,447360,1024
193,module,commandSingle,144037,390120,128
193,native,commandSingle,973679,390120,128
194,native,apiSingle,234284,447360,1024
194,module,apiSingle,204478,447360,1024
194,module,apiMultiple,581927,930624,1024
194,native,apiMultiple,583951,930624,1024
194,module,commandSingle,146240,390128,128
194,native,commandSingle,126391,390128,128
195,native,apiMultiple,578011,930624,1024
195,module,apiMultiple,672865,930624,1024
195,native,apiSingle,211018,447360,1024
195,module,apiSingle,217578,447360,1024
195,module,commandSingle,143486,390136,128
195,native,commandSingle,138889,390136,128
196,module,apiSingle,236897,447360,1024
196,native,apiSingle,215215,447360,1024
196,native,apiMultiple,619354,930624,1024
196,module,apiMultiple,591241,930624,1024
196,native,commandSingle,142685,390144,128
196,module,commandSingle,169806,390144,128
197,module,apiMultiple,581787,930624,1024
197,native,apiMultiple,611883,930624,1024
197,native,apiSingle,208835,447360,1024
197,module,apiSingle,203717,447360,1024
197,module,commandSingle,146461,390144,128
197,native,commandSingle,127252,390144,128
198,native,apiSingle,435797,447360,1024
198,module,apiSingle,216176,447360,1024
198,native,apiMultiple,626314,930624,1024
198,module,apiMultiple,638143,930624,1024
198,module,commandSingle,149536,390144,128
198,native,commandSingle,125910,390144,128
199,module,apiMultiple,601057,930624,1024
199,native,apiMultiple,756591,930624,1024
199,module,apiSingle,207213,447360,1024
199,native,apiSingle,207553,447360,1024
199,module,commandSingle,214814,390144,128
199,native,commandSingle,127262,390144,128
200,native,apiSingle,210918,447360,1024
200,module,apiSingle,213983,447360,1024
200,module,apiMultiple,585163,930624,1024
200,native,apiMultiple,584591,930624,1024
200,native,commandSingle,142956,390144,128
200,module,commandSingle,126631,390144,128
201,native,apiMultiple,573305,930624,1024
201,module,apiMultiple,582308,930624,1024
201,module,apiSingle,206070,447360,1024
201,native,apiSingle,382116,447360,1024
201,module,commandSingle,140371,390144,128
201,native,commandSingle,149976,390144,128
202,module,apiSingle,222545,447360,1024
202,native,apiSingle,208124,447360,1024
202,module,apiMultiple,577762,930624,1024
202,native,apiMultiple,581877,930624,1024
202,module,commandSingle,144357,390144,128
202,native,commandSingle,125439,390144,128
203,native,apiMultiple,585352,930624,1024
203,module,apiMultiple,795700,930624,1024
203,native,apiSingle,209136,447360,1024
203,module,apiSingle,430830,447360,1024
203,native,commandSingle,144888,390144,128
203,module,commandSingle,127292,390144,128
204,native,apiSingle,208194,447360,1024
204,module,apiSingle,218189,447360,1024
204,module,apiMultiple,578121,930624,1024
204,native,apiMultiple,582960,930624,1024
204,module,commandSingle,141874,390144,128
204,native,commandSingle,124487,390144,128
205,native,apiMultiple,680506,930624,1024
205,module,apiMultiple,646895,930624,1024
205,module,apiSingle,208564,447360,1024
205,native,apiSingle,204858,447360,1024
205,native,commandSingle,136106,390144,128
205,module,commandSingle,339151,390144,128
206,native,apiSingle,219932,447360,1024
206,module,apiSingle,211058,447360,1024
206,module,apiMultiple,577040,930624,1024
206,native,apiMultiple,583340,930624,1024
206,module,commandSingle,143085,390144,128
206,native,commandSingle,125009,390144,128
207,native,apiMultiple,663982,930624,1024
207,module,apiMultiple,914479,930624,1024
207,module,apiSingle,291339,447360,1024
207,native,apiSingle,207183,447360,1024
207,module,commandSingle,367574,390144,128
207,native,commandSingle,127943,390144,128
208,module,apiSingle,222937,447360,1024
208,native,apiSingle,227503,447360,1024
208,module,apiMultiple,950253,930624,1024
208,native,apiMultiple,598252,930624,1024
208,module,commandSingle,146200,390144,128
208,native,commandSingle,123697,390144,128
209,native,apiMultiple,578913,930624,1024
209,module,apiMultiple,568878,930624,1024
209,native,apiSingle,208254,447360,1024
209,module,apiSingle,204819,447360,1024
209,native,commandSingle,140962,390144,128
209,module,commandSingle,128454,390144,128
210,native,apiSingle,225480,447360,1024
210,module,apiSingle,205200,447360,1024
210,native,apiMultiple,581456,930624,1024
210,module,apiMultiple,608798,930624,1024
210,module,commandSingle,140913,390144,128
210,native,commandSingle,128114,390144,128
211,native,apiMultiple,593895,930624,1024
211,module,apiMultiple,571592,930624,1024
211,module,apiSingle,205810,447360,1024
211,native,apiSingle,204538,447360,1024
211,native,commandSingle,144418,390144,128
211,module,commandSingle,128174,390144,128
212,module,apiSingle,226251,447360,1024
212,native,apiSingle,205039,447360,1024
212,native,apiMultiple,662479,930624,1024
212,module,apiMultiple,653005,930624,1024
212,native,commandSingle,186972,390144,128
212,module,commandSingle,132480,390144,128
213,native,apiMultiple,581817,930624,1024
213,module,apiMultiple,580075,930624,1024
213,module,apiSingle,208385,447360,1024
213,native,apiSingle,204589,447360,1024
213,module,commandSingle,394796,390144,128
213,native,commandSingle,123186,390144,128
214,native,apiSingle,219502,447360,1024
214,module,apiSingle,212390,447360,1024
214,native,apiMultiple,594416,930624,1024
214,module,apiMultiple,583470,930624,1024
214,module,commandSingle,141043,390144,128
214,native,commandSingle,125159,390144,128
215,module,apiMultiple,578482,930624,1024
215,native,apiMultiple,752465,930624,1024
215,native,apiSingle,205831,447360,1024
215,module,apiSingle,271800,447360,1024
215,native,commandSingle,168975,390144,128
215,module,commandSingle,127682,390144,128
216,native,apiSingle,245080,447360,1024
216,module,apiSingle,213682,447360,1024
216,module,apiMultiple,595238,930624,1024
216,native,apiMultiple,615848,930624,1024
216,module,commandSingle,148194,390144,128
216,native,commandSingle,193341,390144,128
217,native,apiMultiple,576840,930624,1024
217,module,apiMultiple,591042,930624,1024
217,native,apiSingle,206822,447360,1024
217,module,apiSingle,205790,447360,1024
217,native,commandSingle,145079,390144,128
217,module,commandSingle,126030,390144,128
218,module,apiSingle,226121,447360,1024
218,native,apiSingle,204629,447360,1024
218,native,apiMultiple,579594,930624,1024
218,module,apiMultiple,604111,930624,1024
218,native,commandSingle,141974,390144,128
218,module,commandSingle,130467,390144,128
219,module,apiMultiple,578412,930624,1024
219,native,apiMultiple,574236,930624,1024
219,native,apiSingle,206271,447360,1024
219,module,apiSingle,216927,447360,1024
219,module,commandSingle,211869,390144,128
219,native,commandSingle,160492,390144,128
220,module,apiSingle,222776,447360,1024
220,native,apiSingle,226241,447360,1024
220,module,apiMultiple,651312,930624,1024
220,native,apiMultiple,586184,930624,1024
220,module,commandSingle,201434,390144,128
220,native,commandSingle,157237,390144,128
221,module,apiMultiple,579765,930624,1024
221,native,apiMultiple,580275,930624,1024
221,native,apiSingle,207823,447360,1024
221,module,apiSingle,216146,447360,1024
221,module,commandSingle,145048,390144,128
221,native,commandSingle,122555,390144,128
222,native,apiSingle,218280,447360,1024
222,module,apiSingle,213622,447360,1024
222,module,apiMultiple,605273,930624,1024
222,native,apiMultiple,589779,930624,1024
222,native,commandSingle,141764,390144,128
222,module,commandSingle,170647,390144,128
223,native,apiMultiple,604211,930624,1024
223,module,apiMultiple,584131,930624,1024
223,module,apiSingle,208435,447360,1024
223,native,apiSingle,205009,447360,1024
223,native,commandSingle,142295,390144,128
223,module,commandSingle,169175,390144,128
224,native,apiSingle,218970,447360,1024
224,module,apiSingle,211338,447360,1024
224,native,apiMultiple,573335,930624,1024
224,module,apiMultiple,586514,930624,1024
224,module,commandSingle,143416,390144,128
224,native,commandSingle,124959,390144,128
225,module,apiMultiple,575368,930624,1024
225,native,apiMultiple,571342,930624,1024
225,native,apiSingle,207012,447360,1024
225,module,apiSingle,204649,447360,1024
225,native,commandSingle,139871,390136,128
225,module,commandSingle,129585,390136,128
226,module,apiSingle,209576,447360,1024
226,native,apiSingle,215285,447360,1024
226,module,apiMultiple,586124,930624,1024
226,native,apiMultiple,599063,930624,1024
226,module,commandSingle,148804,390128,128
226,native,commandSingle,124488,390128,128
227,module,apiMultiple,582017,930624,1024
227,native,apiMultiple,592493,930624,1024
227,module,apiSingle,207123,447360,1024
227,native,apiSingle,217939,447360,1024
227,module,commandSingle,144107,390120,128
227,native,commandSingle,125349,390120,128
228,native,apiSingle,228314,447360,1024
228,module,apiSingle,205420,447360,1024
228,module,apiMultiple,657091,930624,1024
228,native,apiMultiple,587987,930624,1024
228,module,commandSingle,146141,390112,128
228,native,commandSingle,129335,390112,128
229,module,apiMultiple,591853,930624,1024
229,native,apiMultiple,650681,930624,1024
229,module,apiSingle,209716,447360,1024
229,native,apiSingle,204378,447360,1024
229,native,commandSingle,144688,390104,128
229,module,commandSingle,143456,390104,128
230,module,apiSingle,208484,447360,1024
230,native,apiSingle,219471,447360,1024
230,module,apiMultiple,578071,930624,1024
230,native,apiMultiple,588918,930624,1024
230,native,commandSingle,157307,390096,128
230,module,commandSingle,123486,390096,128
231,module,apiMultiple,593315,930624,1024
231,native,apiMultiple,572684,930624,1024
231,module,apiSingle,208134,447360,1024
231,native,apiSingle,204868,447360,1024
231,module,commandSingle,146370,390088,128
231,native,commandSingle,127042,390088,128
232,module,apiSingle,220352,447360,1024
232,native,apiSingle,215595,447360,1024
232,module,apiMultiple,590801,930624,1024
232,native,apiMultiple,597191,930624,1024
232,native,commandSingle,146411,390080,128
232,module,commandSingle,140292,390080,128
233,native,apiMultiple,577661,930624,1024
233,module,apiMultiple,585613,930624,1024
233,module,apiSingle,206842,447360,1024
233,native,apiSingle,205179,447360,1024
233,native,commandSingle,140762,390072,128
233,module,commandSingle,131658,390072,128
234,native,apiSingle,216086,447360,1024
234,module,apiSingle,204098,447360,1024
234,native,apiMultiple,584752,930624,1024
234,module,apiMultiple,584892,930624,1024
234,native,commandSingle,141624,390064,128
234,module,commandSingle,126010,390064,128
235,native,apiMultiple,581487,930624,1024
235,module,apiMultiple,592683,930624,1024
235,native,apiSingle,207113,447360,1024
235,module,apiSingle,206031,447360,1024
235,native,commandSingle,142655,390056,128
235,module,commandSingle,128214,390056,128
236,module,apiSingle,225711,447360,1024
236,native,apiSingle,205981,447360,1024
236,native,apiMultiple,619324,930624,1024
236,module,apiMultiple,588207,930624,1024
236,module,commandSingle,146250,390048,128
236,native,commandSingle,564882,390048,128
237,native,apiMultiple,583299,930624,1024
237,module,apiMultiple,580645,930624,1024
237,native,apiSingle,206681,447360,1024
237,module,apiSingle,203947,447360,1024
237,native,commandSingle,162425,390040,128
237,module,commandSingle,127673,390040,128
238,module,apiSingle,230758,447360,1024
238,native,apiSingle,204759,447360,1024
238,module,apiMultiple,632604,930624,1024
238,native,apiMultiple,582328,930624,1024
238,native,commandSingle,143977,390032,128
238,module,commandSingle,168884,390032,128
239,native,apiMultiple,592043,930624,1024
239,module,apiMultiple,616559,930624,1024
239,native,apiSingle,209165,447360,1024
239,module,apiSingle,204438,447360,1024
239,module,commandSingle,148384,390024,128
239,native,commandSingle,142115,390024,128
