sample,task,nsPerOperation,bytesPerOperation
0,nativecalc,2651.171875,3086.25
0,cebenchcalc,2517.8515625,3087.5
0,nativeblocks,9180.15625,4794.5625
0,cebenchblocks,5262.828125,3080.0
1,cebenchblocks,6894.140625,4795.8125
1,nativecalc,2284.2265625,3086.25
1,cebenchcalc,2226.2421875,3087.5
1,nativeblocks,3212.703125,3078.75
2,nativecalc,2416.6875,3086.25
2,nativeblocks,6456.0703125,4794.5625
2,cebenchcalc,2470.984375,3087.5
2,cebenchblocks,3557.5859375,3080.0
3,nativecalc,2206.140625,3086.25
3,nativeblocks,6269.546875,4794.75
3,cebenchblocks,3250.8046875,3080.0
3,cebenchcalc,2165.7734375,3087.5
4,cebenchcalc,2272.09375,3087.5
4,nativecalc,2348.1484375,3086.25
4,nativeblocks,7118.8515625,4794.75
4,cebenchblocks,5388.5625,3080.0
5,nativecalc,2160.3671875,3086.25
5,cebenchblocks,5874.671875,4796.0
5,nativeblocks,3197.4453125,3078.75
5,cebenchcalc,2422.6328125,3087.5
6,nativecalc,3159.1875,3086.25
6,nativeblocks,7515.828125,4794.75
6,cebenchcalc,2188.2265625,3087.5
6,cebenchblocks,3223.4921875,3080.0
7,nativecalc,2537.4921875,3086.25
7,cebenchcalc,2304.6484375,3087.5
7,cebenchblocks,6059.15625,4796.0
7,nativeblocks,3886.8203125,3078.75
8,cebenchblocks,7653.5390625,4796.0
8,nativeblocks,3236.015625,3078.75
8,cebenchcalc,2748.3515625,3087.5
8,nativecalc,1975.171875,3086.25
9,nativecalc,2242.2890625,3086.25
9,cebenchblocks,6329.953125,4796.0
9,cebenchcalc,1982.53125,3087.5
9,nativeblocks,4419.25,3078.75
10,nativeblocks,10058.5625,4794.75
10,cebenchcalc,2243.1484375,3087.5
10,cebenchblocks,3366.8359375,3080.0
10,nativecalc,2447.28125,3086.25
11,nativeblocks,6171.8203125,4794.75
11,cebenchcalc,1978.4609375,3087.5
11,cebenchblocks,3243.7578125,3080.0
11,nativecalc,5897.046875,3086.25
12,cebenchcalc,2188.21875,3087.5
12,nativeblocks,7083.796875,4794.75
12,nativecalc,1997.9453125,3086.25
12,cebenchblocks,3507.0390625,3080.0
13,nativeblocks,6359.1328125,4794.75
13,nativecalc,1990.0390625,3086.25
13,cebenchblocks,3236.171875,3080.0
13,cebenchcalc,7818.234375,3087.5
14,nativecalc,2129.234375,3086.25
14,cebenchcalc,4224.6640625,3087.5
14,nativeblocks,7482.6640625,4794.75
14,cebenchblocks,3722.671875,3080.0
15,cebenchblocks,8493.9921875,4796.0
15,cebenchcalc,2291.734375,3087.5
15,nativeblocks,3497.4140625,3078.75
15,nativecalc,1980.8828125,3086.25
16,nativecalc,3919.3671875,3086.25
16,cebenchcalc,4920.453125,3087.5
16,nativeblocks,8510.1875,4794.75
16,cebenchblocks,4379.890625,3080.0
17,cebenchcalc,3008.6484375,3087.5
17,cebenchblocks,6178.7109375,4796.0
17,nativecalc,2029.625,3086.25
17,nativeblocks,25715.921875,3078.75
18,nativecalc,2184.625,3086.25
18,cebenchcalc,2032.609375,3087.5
18,cebenchblocks,6326.5078125,4796.0
18,nativeblocks,5024.9765625,3078.75
19,cebenchblocks,12985.3046875,4796.0
19,nativeblocks,3646.8515625,3078.75
19,cebenchcalc,2001.2265625,3087.5
19,nativecalc,2498.2890625,3086.25
20,nativeblocks,6118.3828125,4794.75
20,nativecalc,2057.171875,3086.25
20,cebenchblocks,3243.8359375,3080.0
20,cebenchcalc,2107.0859375,3087.5
21,nativecalc,2236.5703125,3086.25
21,cebenchblocks,5573.8359375,4796.0
21,nativeblocks,3272.8671875,3078.75
21,cebenchcalc,2122.890625,3087.5
22,cebenchblocks,6365.46875,4796.0
22,nativeblocks,4894.2421875,3078.75
22,cebenchcalc,2177.8984375,3087.5
22,nativecalc,1986.9140625,3086.25
23,nativeblocks,7098.65625,4794.75
23,cebenchblocks,3763.28125,3080.0
23,nativecalc,2662.515625,3086.25
23,cebenchcalc,2671.90625,3087.5
24,nativecalc,2145.578125,3086.25
24,nativeblocks,6280.9765625,4794.75
24,cebenchblocks,3665.1640625,3080.0
24,cebenchcalc,2445.2421875,3087.5
25,cebenchblocks,50055.2109375,4796.0
25,cebenchcalc,2343.84375,3087.5
25,nativecalc,1979.25,3086.25
25,nativeblocks,3154.875,3078.75
26,nativeblocks,6877.7109375,4794.75
26,cebenchblocks,3195.4921875,3080.0
26,cebenchcalc,1973.21875,3087.5
26,nativecalc,4457.5,3086.25
27,cebenchblocks,5863.015625,4796.0
27,nativeblocks,3942.9921875,3078.75
27,nativecalc,1970.3984375,3086.25
27,cebenchcalc,2175.9453125,3087.5
28,cebenchblocks,6002.828125,4796.0
28,nativecalc,2043.6328125,3086.25
28,cebenchcalc,1958.0390625,3087.5
28,nativeblocks,3255.109375,3078.75
29,cebenchcalc,2203.40625,3087.5
29,cebenchblocks,6049.3828125,4796.0
29,nativeblocks,3168.4140625,3078.75
29,nativecalc,2104.7421875,3086.25
30,nativecalc,2187.1328125,3086.25
30,cebenchcalc,1950.609375,3087.5
30,nativeblocks,6100.703125,4794.75
30,cebenchblocks,3325.1328125,3080.0
31,cebenchblocks,5897.828125,4796.0
31,nativecalc,1949.984375,3086.25
31,cebenchcalc,1948.8828125,3087.5
31,nativeblocks,3312.6875,3078.75
32,cebenchblocks,6150.546875,4796.0
32,cebenchcalc,2023.2109375,3087.5
32,nativeblocks,3258.78125,3078.75
32,nativecalc,2910.3046875,3086.25
33,cebenchblocks,7684.5234375,4796.0
33,cebenchcalc,3248.453125,3087.5
33,nativeblocks,4418.6953125,3078.75
33,nativecalc,1952.171875,3086.25
34,nativeblocks,6190.6796875,4794.75
34,nativecalc,1965.078125,3086.25
34,cebenchblocks,3220.765625,3080.0
34,cebenchcalc,2197.6171875,3087.5
35,cebenchcalc,2069.765625,3087.5
35,cebenchblocks,6011.8984375,4796.0
35,nativecalc,2758.4375,3086.25
35,nativeblocks,3705.1484375,3078.75
36,nativeblocks,7091.0703125,4794.75
36,cebenchblocks,3280.296875,3080.0
36,nativecalc,2169.84375,3086.25
36,cebenchcalc,1968.1328125,3087.5
37,nativecalc,2141.671875,3086.25
37,cebenchblocks,6828.8125,4796.0
37,nativeblocks,3929.1484375,3078.75
37,cebenchcalc,2171.5546875,3087.5
38,nativeblocks,8696.640625,4794.75
38,cebenchcalc,2998.640625,3087.5
38,nativecalc,3173.421875,3086.25
38,cebenchblocks,3581.6796875,3080.0
39,cebenchblocks,5598.953125,4796.0
39,cebenchcalc,1946.3046875,3087.5
39,nativecalc,4624.859375,3086.25
39,nativeblocks,4478.0859375,3078.75
40,nativecalc,2846.84375,3086.25
40,cebenchcalc,2153.015625,3087.5
40,nativeblocks,6072.5390625,4794.75
40,cebenchblocks,3570.4140625,3080.0
41,nativecalc,2120.46875,3086.25
41,nativeblocks,5613.96875,4794.75
41,cebenchcalc,1940.671875,3087.5
41,cebenchblocks,3298.765625,3080.0
42,nativeblocks,5541.4453125,4794.75
42,cebenchcalc,1983.46875,3087.5
42,cebenchblocks,3195.25,3080.0
42,nativecalc,2136.8984375,3086.25
43,cebenchblocks,6178.1640625,4796.0
43,nativeblocks,3203.703125,3078.75
43,nativecalc,2059.515625,3086.25
43,cebenchcalc,2060.453125,3087.5
44,nativecalc,2091.90625,3086.25
44,nativeblocks,5457.8828125,4794.75
44,cebenchcalc,1949.1171875,3087.5
44,cebenchblocks,3335.8515625,3080.0
45,nativecalc,2126.1015625,3086.25
45,cebenchblocks,5789.0,4796.0
45,nativeblocks,3187.9765625,3078.75
45,cebenchcalc,2050.2109375,3087.5
46,nativeblocks,10101.515625,4794.75
46,nativecalc,2948.5625,3086.25
46,cebenchblocks,5381.2890625,3080.0
46,cebenchcalc,2757.5703125,3087.5
47,nativeblocks,9681.375,4794.75
47,nativecalc,3124.6015625,3086.25
47,cebenchblocks,4616.796875,3080.0
47,cebenchcalc,1948.7265625,3087.5
48,cebenchblocks,6103.828125,4796.0
48,nativecalc,1938.40625,3086.25
48,nativeblocks,3688.71875,3078.75
48,cebenchcalc,2165.6875,3087.5
49,nativeblocks,6578.359375,4794.75
49,nativecalc,2036.0390625,3086.25
49,cebenchblocks,3365.265625,3080.0
49,cebenchcalc,2173.4375,3087.5
50,nativeblocks,6539.0859375,4794.75
50,nativecalc,1944.65625,3086.25
50,cebenchblocks,3207.8515625,3080.0
50,cebenchcalc,2067.5,3087.5
51,cebenchblocks,6739.0703125,4796.0
51,nativeblocks,3205.0390625,3078.75
51,cebenchcalc,1970.25,3087.5
51,nativecalc,3341.40625,3086.25
52,cebenchcalc,2173.046875,3087.5
52,nativecalc,2036.90625,3086.25
52,nativeblocks,6154.0703125,4794.75
52,cebenchblocks,3353.0625,3080.0
53,cebenchblocks,6446.296875,4796.0
53,nativeblocks,3270.828125,3078.75
53,cebenchcalc,1949.59375,3087.5
53,nativecalc,2141.1171875,3086.25
54,cebenchcalc,2085.6484375,3087.5
54,nativecalc,2024.3125,3086.25
54,cebenchblocks,6881.078125,4796.0
54,nativeblocks,3672.046875,3078.75
55,nativeblocks,6802.125,4794.75
55,nativecalc,1949.59375,3086.25
55,cebenchcalc,1965.0,3087.5
55,cebenchblocks,3701.546875,3080.0
56,nativecalc,2890.5859375,3086.25
56,cebenchblocks,6301.0,4796.0
56,cebenchcalc,1955.2265625,3087.5
56,nativeblocks,3337.1875,3078.75
57,cebenchblocks,6592.4453125,4796.0
57,nativeblocks,3269.96875,3078.75
57,nativecalc,2602.734375,3086.25
57,cebenchcalc,2303.546875,3087.5
58,cebenchblocks,5983.578125,4796.0
58,cebenchcalc,2012.1875,3087.5
58,nativecalc,2156.375,3086.25
58,nativeblocks,3653.421875,3078.75
59,cebenchcalc,2139.484375,3087.5
59,nativecalc,1946.9296875,3086.25
59,nativeblocks,5484.2421875,4794.75
59,cebenchblocks,3373.09375,3080.0
60,cebenchblocks,6080.6796875,4796.0
60,nativeblocks,3203.0,3078.75
60,nativecalc,1936.7578125,3086.25
60,cebenchcalc,2219.5234375,3087.5
61,cebenchblocks,6821.53125,4796.0
61,nativecalc,2042.2265625,3086.25
61,nativeblocks,3170.140625,3078.75
61,cebenchcalc,2405.421875,3087.5
62,nativecalc,2056.859375,3086.25
62,cebenchblocks,5890.3203125,4796.0
62,nativeblocks,3131.015625,3078.75
62,cebenchcalc,2053.9609375,3087.5
63,nativeblocks,5504.0390625,4794.75
63,cebenchblocks,3196.578125,3080.0
63,nativecalc,3597.6484375,3086.25
63,cebenchcalc,3218.9609375,3087.5
64,cebenchblocks,5645.109375,4796.0
64,nativeblocks,3182.8125,3078.75
64,nativecalc,2046.296875,3086.25
64,cebenchcalc,2079.15625,3087.5
65,nativeblocks,5582.9921875,4794.75
65,cebenchblocks,3222.71875,3080.0
65,nativecalc,1969.0703125,3086.25
65,cebenchcalc,2102.078125,3087.5
66,nativeblocks,5644.796875,4794.75
66,cebenchblocks,3256.4375,3080.0
66,cebenchcalc,1943.4140625,3087.5
66,nativecalc,2076.890625,3086.25
67,nativeblocks,7145.6015625,4794.75
67,cebenchcalc,1969.15625,3087.5
67,cebenchblocks,10451.5625,3080.0
67,nativecalc,2335.8671875,3086.25
68,cebenchblocks,6095.4609375,4796.0
68,nativecalc,2045.125,3086.25
68,nativeblocks,3155.1171875,3078.75
68,cebenchcalc,2105.6796875,3087.5
69,nativeblocks,6080.515625,4794.75
69,cebenchcalc,2477.4765625,3087.5
69,cebenchblocks,3321.53125,3080.0
69,nativecalc,2164.75,3086.25
70,nativecalc,2108.9609375,3086.25
70,cebenchblocks,5793.0703125,4796.0
70,nativeblocks,3171.859375,3078.75
70,cebenchcalc,2098.0859375,3087.5
71,nativecalc,2346.7421875,3086.25
71,nativeblocks,6007.515625,4794.75
71,cebenchblocks,3233.984375,3080.0
71,cebenchcalc,2231.4921875,3087.5
72,cebenchcalc,2183.0625,3087.5
72,nativecalc,1946.1484375,3086.25
72,nativeblocks,6016.515625,4794.75
72,cebenchblocks,3281.78125,3080.0
73,cebenchcalc,2134.8671875,3087.5
73,nativeblocks,5772.953125,4794.75
73,nativecalc,2047.859375,3086.25
73,cebenchblocks,3322.8671875,3080.0
74,nativeblocks,5970.4296875,4794.75
74,cebenchcalc,2032.5234375,3087.5
74,cebenchblocks,3783.703125,3080.0
74,nativecalc,2118.4375,3086.25
75,nativeblocks,5924.1171875,4794.75
75,cebenchblocks,3184.6953125,3080.0
75,nativecalc,1960.0703125,3086.25
75,cebenchcalc,2154.421875,3087.5
76,cebenchblocks,5952.046875,4796.0
76,nativecalc,1979.5625,3086.25
76,nativeblocks,3195.25,3078.75
76,cebenchcalc,2050.6015625,3087.5
77,cebenchblocks,6902.3515625,4796.0
77,cebenchcalc,1937.1484375,3087.5
77,nativecalc,1941.296875,3086.25
77,nativeblocks,3771.1796875,3078.75
78,nativeblocks,6031.3828125,4794.75
78,nativecalc,2012.890625,3086.25
78,cebenchcalc,1943.7265625,3087.5
78,cebenchblocks,3419.6484375,3080.0
79,cebenchblocks,5660.6015625,4796.0
79,nativecalc,1936.2109375,3086.25
79,nativeblocks,3304.2421875,3078.75
79,cebenchcalc,2038.9375,3087.5
80,cebenchblocks,6109.078125,4796.0
80,nativecalc,1951.625,3086.25
80,nativeblocks,3185.8671875,3078.75
80,cebenchcalc,2136.9765625,3087.5
81,cebenchcalc,2068.671875,3087.5
81,nativeblocks,6920.96875,4794.75
81,cebenchblocks,3182.734375,3080.0
81,nativecalc,2397.984375,3086.25
82,cebenchblocks,5914.3359375,4796.0
82,nativeblocks,3222.4765625,3078.75
82,nativecalc,1950.4453125,3086.25
82,cebenchcalc,2076.03125,3087.5
83,cebenchblocks,5921.6953125,4796.0
83,nativeblocks,3219.65625,3078.75
83,nativecalc,1923.53125,3086.25
83,cebenchcalc,2074.5390625,3087.5
84,cebenchcalc,2109.828125,3087.5
84,nativecalc,1931.6796875,3086.25
84,cebenchblocks,5347.015625,4796.0
84,nativeblocks,3163.25,3078.75
85,nativecalc,2022.5859375,3086.25
85,cebenchcalc,2019.9296875,3087.5
85,cebenchblocks,5380.265625,4796.0
85,nativeblocks,3244.3828125,3078.75
86,nativecalc,2103.40625,3086.25
86,nativeblocks,5594.5625,4794.75
86,cebenchblocks,3188.8359375,3080.0
86,cebenchcalc,2166.390625,3087.5
87,nativecalc,2024.546875,3086.25
87,cebenchcalc,1977.75,3087.5
87,cebenchblocks,5880.21875,4796.0
87,nativeblocks,3305.5703125,3078.75
88,nativeblocks,5613.578125,4794.75
88,cebenchblocks,3185.0859375,3080.0
88,nativecalc,1955.6875,3086.25
88,cebenchcalc,2095.8984375,3087.5
89,cebenchcalc,2780.65625,3087.5
89,nativecalc,3598.34375,3086.25
89,cebenchblocks,9348.8515625,4796.0
89,nativeblocks,5239.3515625,3078.75
90,cebenchblocks,6581.9609375,4796.0
90,nativecalc,2038.703125,3086.25
90,cebenchcalc,1940.125,3087.5
90,nativeblocks,3533.40625,3078.75
91,nativecalc,2617.2109375,3086.25
91,cebenchcalc,1938.8671875,3087.5
91,cebenchblocks,5823.890625,4796.0
91,nativeblocks,3400.0078125,3078.75
92,nativeblocks,5456.3125,4794.75
92,cebenchblocks,3187.03125,3080.0
92,cebenchcalc,1950.9921875,3087.5
92,nativecalc,1953.1875,3086.25
93,cebenchblocks,5773.03125,4796.0
93,cebenchcalc,1953.734375,3087.5
93,nativecalc,1930.4140625,3086.25
93,nativeblocks,3296.890625,3078.75
94,nativecalc,2089.5625,3086.25
94,cebenchblocks,5648.6328125,4796.0
94,cebenchcalc,1941.21875,3087.5
94,nativeblocks,3408.7734375,3078.75
95,nativeblocks,5887.65625,4794.75
95,nativecalc,2020.0859375,3086.25
95,cebenchcalc,1927.921875,3087.5
95,cebenchblocks,3318.328125,3080.0
96,cebenchcalc,2171.25,3087.5
96,cebenchblocks,5520.9375,4796.0
96,nativecalc,2056.46875,3086.25
96,nativeblocks,3293.2890625,3078.75
97,nativecalc,2521.609375,3086.25
97,nativeblocks,6569.984375,4794.75
97,cebenchblocks,3207.609375,3080.0
97,cebenchcalc,2477.0078125,3087.5
98,nativeblocks,5803.8671875,4794.75
98,cebenchcalc,1939.4140625,3087.5
98,nativecalc,1935.8203125,3086.25
98,cebenchblocks,3307.921875,3080.0
99,cebenchcalc,2133.140625,3087.5
99,cebenchblocks,5613.8125,4796.0
99,nativecalc,1934.5703125,3086.25
99,nativeblocks,3446.5546875,3078.75
100,nativecalc,2144.328125,3086.25
100,cebenchcalc,1942.9453125,3087.5
100,cebenchblocks,5534.7109375,4796.0
100,nativeblocks,3312.453125,3078.75
101,cebenchcalc,2198.546875,3087.5
101,nativeblocks,5747.2890625,4794.75
101,cebenchblocks,3205.0390625,3080.0
101,nativecalc,2041.7578125,3086.25
102,nativecalc,2009.9921875,3086.25
102,cebenchblocks,5533.6171875,4796.0
102,cebenchcalc,1941.375,3087.5
102,nativeblocks,3199.6328125,3078.75
103,cebenchblocks,5407.8046875,4796.0
103,cebenchcalc,2003.265625,3087.5
103,nativeblocks,3196.5078125,3078.75
103,nativecalc,1920.953125,3086.25
104,nativeblocks,5381.984375,4794.75
104,nativecalc,1927.7578125,3086.25
104,cebenchblocks,3222.7109375,3080.0
104,cebenchcalc,2054.984375,3087.5
105,cebenchcalc,2148.4765625,3087.5
105,nativeblocks,5409.453125,4794.75
105,nativecalc,3805.7578125,3086.25
105,cebenchblocks,3660.15625,3080.0
106,cebenchcalc,2025.40625,3087.5
106,cebenchblocks,5240.84375,4796.0
106,nativeblocks,3151.90625,3078.75
106,nativecalc,1963.125,3086.25
107,cebenchcalc,2101.609375,3087.5
107,cebenchblocks,5768.1015625,4796.0
107,nativeblocks,3253.2265625,3078.75
107,nativecalc,2039.3359375,3086.25
108,cebenchcalc,2478.421875,3087.5
108,cebenchblocks,5765.8359375,4796.0
108,nativecalc,2771.03125,3086.25
108,nativeblocks,3396.25,3078.75
109,cebenchcalc,2119.2109375,3087.5
109,nativecalc,1935.5859375,3086.25
109,cebenchblocks,5478.7734375,4796.0
109,nativeblocks,3355.3359375,3078.75
110,nativecalc,2029.625,3086.25
110,nativeblocks,5635.25,4794.75
110,cebenchblocks,3164.421875,3080.0
110,cebenchcalc,2093.078125,3087.5
111,nativeblocks,5682.5859375,4794.75
111,cebenchblocks,3247.671875,3080.0
111,nativecalc,1946.9296875,3086.25
111,cebenchcalc,2075.5546875,3087.5
112,nativecalc,2139.3203125,3086.25
112,cebenchcalc,1994.734375,3087.5
112,nativeblocks,5382.84375,4794.75
112,cebenchblocks,3171.546875,3080.0
113,nativecalc,2296.4296875,3086.25
113,cebenchcalc,1960.6171875,3087.5
113,nativeblocks,5502.8671875,4794.75
113,cebenchblocks,3390.8515625,3080.0
114,cebenchcalc,2104.8203125,3087.5
114,nativecalc,1928.4609375,3086.25
114,nativeblocks,5411.09375,4794.75
114,cebenchblocks,3173.5,3080.0
115,nativecalc,2098.796875,3086.25
115,cebenchblocks,6305.2265625,4796.0
115,nativeblocks,3881.8125,3078.75
115,cebenchcalc,2066.6328125,3087.5
116,nativeblocks,5660.9140625,4794.75
116,cebenchblocks,3260.578125,3080.0
116,cebenchcalc,1934.796875,3087.5
116,nativecalc,2052.7109375,3086.25
117,nativeblocks,5686.421875,4794.75
117,cebenchcalc,1949.2734375,3087.5
117,nativecalc,1942.234375,3086.25
117,cebenchblocks,4123.9609375,3080.0
118,cebenchcalc,2170.3046875,3087.5
118,nativeblocks,5642.6875,4794.75
118,nativecalc,1967.5859375,3086.25
118,cebenchblocks,3265.671875,3080.0
119,nativecalc,2210.9921875,3086.25
119,cebenchblocks,5646.046875,4796.0
119,nativeblocks,3194.46875,3078.75
119,cebenchcalc,2145.578125,3087.5
